﻿Designator,Footprint,Quantity,Value,LCSC Part #
"IC1, IC2",SOP100P600X165-11N,2,GP8403-TC50-EW,
"Q1, Q2, Q3, Q4",STL8N10F7,4,STL6P3LLH6,
"R1, R10, R11, R12, R13, R14, R15, R16, R17, R18, R19, R2, R20, R21, R22, R23, R24, R25, R26, R27, R28, R29, R3, R30, R31, R32, R33, R34, R35, R36, R37, R38, R39, R4, R40, R41, R42, R43, R44, R45, R46, R47, R48, R49, R5, R50, R51, R52, R53, R54, R55, R56, R57, R58, R59, R6, R60, R7, R8, R9",RESC1608X55N,60,RC0603FR-07100KL,
U1,ESP32-C6-WROOM-1,1,ESP32-C6-WROOM-1,
"U2, U3",QFN-24-1EP_4x4mm_P0.5mm_EP2.7x2.7mm,2,STUSB4500QTR,
